ATTRIBUTE_ID,ORG_CODE_ID,BUILDING_CODE,ROOM_ID,QUANTITY,CREATE_DATE,CREATE_TIME,CREATE_OPID,CREATE_TERMINAL,REVISION_DATE,REVISION_TIME,REVISION_OPID,REVISION_TERMINAL,ABT_JOIN
X0200,O000000001,BN0100,A101,1,2003-09-09 00:00:00.000,1900-01-01 09:00:53.947,RICHARDM,0001,2003-09-09 00:00:00.000,1900-01-01 09:00:53.947,RICHARDM,0001,*
X0900,O000000001,BN0100,A101,29,2003-09-09 00:00:00.000,1900-01-01 09:00:18.237,RICHARDM,0001,2003-09-09 00:00:00.000,1900-01-01 09:00:18.237,RICHARDM,0001,*
X1200,O000000001,BN0100,A101,1,2003-09-09 00:00:00.000,1900-01-01 09:01:06.897,RICHARDM,0001,2003-09-09 00:00:00.000,1900-01-01 09:01:06.897,RICHARDM,0001,*
X1900,O000000001,BN0100,A101,5,2003-09-09 00:00:00.000,1900-01-01 09:01:35.907,RICHARDM,0001,2003-09-09 00:00:00.000,1900-01-01 09:01:35.907,RICHARDM,0001,*
X3700,O000000001,BN0100,A101,2,2003-09-09 00:00:00.000,1900-01-01 09:02:35.053,RICHARDM,0001,2003-09-09 00:00:00.000,1900-01-01 09:02:35.053,RICHARDM,0001,*
X3750,O000000001,BN0100,A101,1,2003-09-09 00:00:00.000,1900-01-01 09:02:59.417,RICHARDM,0001,2003-09-09 00:00:00.000,1900-01-01 09:02:59.417,RICHARDM,0001,*
X4250,O000000001,BN0100,A101,1,2003-09-09 00:00:00.000,1900-01-01 09:03:36.100,RICHARDM,0001,2003-09-09 00:00:00.000,1900-01-01 09:03:36.100,RICHARDM,0001,*
X5000,O000000001,BN0100,A101,1,2003-09-09 00:00:00.000,1900-01-01 09:02:00.493,RICHARDM,0001,2003-09-09 00:00:00.000,1900-01-01 09:02:00.493,RICHARDM,0001,*
X5500,O000000001,BN0100,A101,1,2003-09-09 00:00:00.000,1900-01-01 09:05:19.120,RICHARDM,0001,2003-09-09 00:00:00.000,1900-01-01 09:05:19.120,RICHARDM,0001,*
X6850,O000000001,BN0100,A101,1,2003-09-09 00:00:00.000,1900-01-01 09:07:13.183,RICHARDM,0001,2003-09-09 00:00:00.000,1900-01-01 09:07:13.183,RICHARDM,0001,*
X0200,O000000001,BN0100,A104,4,2003-09-09 00:00:00.000,1900-01-01 09:12:13.353,RICHARDM,0001,2003-09-09 00:00:00.000,1900-01-01 09:12:13.353,RICHARDM,0001,*
X0900,O000000001,BN0100,A104,31,2003-09-09 00:00:00.000,1900-01-01 09:12:02.380,RICHARDM,0001,2003-09-09 00:00:00.000,1900-01-01 09:12:02.380,RICHARDM,0001,*
X1900,O000000001,BN0100,A104,5,2003-09-09 00:00:00.000,1900-01-01 09:12:36.437,RICHARDM,0001,2003-09-09 00:00:00.000,1900-01-01 09:12:36.437,RICHARDM,0001,*
X2300,O000000001,BN0100,A104,1,2003-09-09 00:00:00.000,1900-01-01 09:13:21.213,RICHARDM,0001,2003-09-09 00:00:00.000,1900-01-01 09:13:21.213,RICHARDM,0001,*
X3600,O000000001,BN0100,A104,2,2003-09-09 00:00:00.000,1900-01-01 09:16:59.447,RICHARDM,0001,2003-09-09 00:00:00.000,1900-01-01 09:16:59.447,RICHARDM,0001,*
X3750,O000000001,BN0100,A104,1,2003-09-09 00:00:00.000,1900-01-01 09:14:23.593,RICHARDM,0001,2003-09-09 00:00:00.000,1900-01-01 09:14:23.593,RICHARDM,0001,*
X4250,O000000001,BN0100,A104,1,2003-09-09 00:00:00.000,1900-01-01 09:15:36.727,RICHARDM,0001,2003-09-09 00:00:00.000,1900-01-01 09:15:36.727,RICHARDM,0001,*
X4400,O000000001,BN0100,A104,1,2003-09-09 00:00:00.000,1900-01-01 09:16:23.193,RICHARDM,0001,2003-09-09 00:00:00.000,1900-01-01 09:16:23.193,RICHARDM,0001,*
X5500,O000000001,BN0100,A104,1,2003-09-09 00:00:00.000,1900-01-01 09:18:19.080,RICHARDM,0001,2003-09-09 00:00:00.000,1900-01-01 09:18:19.080,RICHARDM,0001,*
X0300,O000000001,BN0100,A106,39,2003-09-09 00:00:00.000,1900-01-01 09:23:36.107,RICHARDM,0001,2003-09-09 00:00:00.000,1900-01-01 09:23:36.107,RICHARDM,0001,*
X2200,O000000001,BN0100,A106,6,2003-09-09 00:00:00.000,1900-01-01 09:27:40.767,RICHARDM,0001,2003-09-09 00:00:00.000,1900-01-01 09:27:40.767,RICHARDM,0001,*
X2300,O000000001,BN0100,A106,9,2003-09-09 00:00:00.000,1900-01-01 09:27:57.443,RICHARDM,0001,2003-09-09 00:00:00.000,1900-01-01 09:27:57.443,RICHARDM,0001,*
X3700,O000000001,BN0100,A106,2,2003-09-09 00:00:00.000,1900-01-01 09:29:01.997,RICHARDM,0001,2003-09-09 00:00:00.000,1900-01-01 09:29:01.997,RICHARDM,0001,*
X4600,O000000001,BN0100,A106,2,2003-09-09 00:00:00.000,1900-01-01 09:28:24.170,RICHARDM,0001,2003-09-09 00:00:00.000,1900-01-01 09:28:24.170,RICHARDM,0001,*
X6700,O000000001,BN0100,A106,1,2003-09-09 00:00:00.000,1900-01-01 09:29:31.187,RICHARDM,0001,2003-09-09 00:00:00.000,1900-01-01 09:29:31.187,RICHARDM,0001,*
X0900,O000000001,BN0100,A107,16,2003-09-09 00:00:00.000,1900-01-01 09:34:56.897,RICHARDM,0001,2003-09-09 00:00:00.000,1900-01-01 09:34:56.897,RICHARDM,0001,*
X1900,O000000001,BN0100,A107,6,2003-09-09 00:00:00.000,1900-01-01 09:35:16.323,RICHARDM,0001,2003-09-09 00:00:00.000,1900-01-01 09:35:16.323,RICHARDM,0001,*
X3600,O000000001,BN0100,A107,1,2003-09-09 00:00:00.000,1900-01-01 09:38:24.653,RICHARDM,0001,2003-09-09 00:00:00.000,1900-01-01 09:38:24.653,RICHARDM,0001,*
X4250,O000000001,BN0100,A107,1,2003-09-09 00:00:00.000,1900-01-01 09:35:50.383,RICHARDM,0001,2003-09-09 00:00:00.000,1900-01-01 09:35:50.383,RICHARDM,0001,*
X4500,O000000001,BN0100,A107,1,2003-09-09 00:00:00.000,1900-01-01 09:37:44.517,RICHARDM,0001,2003-09-09 00:00:00.000,1900-01-01 09:37:44.517,RICHARDM,0001,*
X5000,O000000001,BN0100,A107,1,2003-09-09 00:00:00.000,1900-01-01 09:36:57.377,RICHARDM,0001,2003-09-09 00:00:00.000,1900-01-01 09:36:57.377,RICHARDM,0001,*
X6850,O000000001,BN0100,A107,1,2003-09-09 00:00:00.000,1900-01-01 09:38:51.923,RICHARDM,0001,2003-09-09 00:00:00.000,1900-01-01 09:38:51.923,RICHARDM,0001,*
X1200,O000000001,BN0100,A109,20,2003-09-09 00:00:00.000,1900-01-01 09:42:40.653,RICHARDM,0001,2003-09-09 00:00:00.000,1900-01-01 09:42:40.653,RICHARDM,0001,*
X3700,O000000001,BN0100,A109,1,2003-09-09 00:00:00.000,1900-01-01 09:43:45.307,RICHARDM,0001,2003-09-09 00:00:00.000,1900-01-01 09:43:45.307,RICHARDM,0001,*
X5000,O000000001,BN0100,A109,1,2003-09-09 00:00:00.000,1900-01-01 09:43:14.690,RICHARDM,0001,2003-09-09 00:00:00.000,1900-01-01 09:43:14.690,RICHARDM,0001,*
X6100,O000000001,BN0100,A109,21,2003-09-09 00:00:00.000,1900-01-01 09:44:09.160,RICHARDM,0001,2003-09-09 00:00:00.000,1900-01-01 09:44:09.160,RICHARDM,0001,*
X6300,O000000001,BN0100,A109,1,2003-09-09 00:00:00.000,1900-01-01 09:44:40.797,RICHARDM,0001,2003-09-09 00:00:00.000,1900-01-01 09:44:40.797,RICHARDM,0001,*
X0300,O000000001,BN0100,A109A,20,2003-09-09 00:00:00.000,1900-01-01 09:46:16.563,RICHARDM,0001,2003-09-09 00:00:00.000,1900-01-01 09:46:16.563,RICHARDM,0001,*
X2200,O000000001,BN0100,A109A,1,2003-09-09 00:00:00.000,1900-01-01 09:51:41.210,RICHARDM,0001,2003-09-09 00:00:00.000,1900-01-01 09:51:41.210,RICHARDM,0001,*
X2400,O000000001,BN0100,A109A,5,2003-09-09 00:00:00.000,1900-01-01 09:51:23.173,RICHARDM,0001,2003-09-09 00:00:00.000,1900-01-01 09:51:23.173,RICHARDM,0001,*
X3700,O000000001,BN0100,A109A,1,2003-09-09 00:00:00.000,1900-01-01 09:53:00.883,RICHARDM,0001,2003-09-09 00:00:00.000,1900-01-01 09:53:00.883,RICHARDM,0001,*
X4250,O000000001,BN0100,A109A,1,2003-09-09 00:00:00.000,1900-01-01 09:53:44.487,RICHARDM,0001,2003-09-09 00:00:00.000,1900-01-01 09:53:44.487,RICHARDM,0001,*
X4400,O000000001,BN0100,A109A,1,2003-09-09 00:00:00.000,1900-01-01 09:52:34.347,RICHARDM,0001,2003-09-09 00:00:00.000,1900-01-01 09:52:34.347,RICHARDM,0001,*
X6850,O000000001,BN0100,A109A,1,2003-09-09 00:00:00.000,1900-01-01 09:54:04.197,RICHARDM,0001,2003-09-09 00:00:00.000,1900-01-01 09:54:04.197,RICHARDM,0001,*
X0300,O000000001,BN0100,A110,34,2003-09-09 00:00:00.000,1900-01-01 09:56:06.360,RICHARDM,0001,2003-09-09 00:00:00.000,1900-01-01 09:56:06.360,RICHARDM,0001,*
X0700,O000000001,BN0100,A110,1,2003-09-09 00:00:00.000,1900-01-01 09:56:20.660,RICHARDM,0001,2003-09-09 00:00:00.000,1900-01-01 09:56:20.660,RICHARDM,0001,*
X1600,O000000001,BN0100,A110,1,2003-09-09 00:00:00.000,1900-01-01 10:01:18.110,RICHARDM,0001,2003-09-09 00:00:00.000,1900-01-01 10:01:18.110,RICHARDM,0001,*
X2400,O000000001,BN0100,A110,9,2003-09-09 00:00:00.000,1900-01-01 10:01:44.297,RICHARDM,0001,2003-09-09 00:00:00.000,1900-01-01 10:01:44.297,RICHARDM,0001,*
X3700,O000000001,BN0100,A110,3,2003-09-09 00:00:00.000,1900-01-01 10:02:29.973,RICHARDM,0001,2003-09-09 00:00:00.000,1900-01-01 10:02:29.973,RICHARDM,0001,*
X3900,O000000001,BN0100,A110,1,2003-09-09 00:00:00.000,1900-01-01 10:04:02.667,RICHARDM,0001,2003-09-09 00:00:00.000,1900-01-01 10:04:02.667,RICHARDM,0001,*
X4100,O000000001,BN0100,A110,1,2003-09-09 00:00:00.000,1900-01-01 10:02:56.890,RICHARDM,0001,2003-09-09 00:00:00.000,1900-01-01 10:02:56.890,RICHARDM,0001,*
X4600,O000000001,BN0100,A110,1,2003-09-09 00:00:00.000,1900-01-01 10:03:22.617,RICHARDM,0001,2003-09-09 00:00:00.000,1900-01-01 10:03:22.617,RICHARDM,0001,*
X5000,O000000001,BN0100,A110,1,2003-09-09 00:00:00.000,1900-01-01 10:01:59.557,RICHARDM,0001,2003-09-09 00:00:00.000,1900-01-01 10:01:59.557,RICHARDM,0001,*
X0300,O000000001,BN0100,A111,34,2003-09-09 00:00:00.000,1900-01-01 10:06:07.537,RICHARDM,0001,2003-09-09 00:00:00.000,1900-01-01 10:06:07.537,RICHARDM,0001,*
X2400,O000000001,BN0100,A111,8,2003-09-09 00:00:00.000,1900-01-01 10:06:23.077,RICHARDM,0001,2003-09-09 00:00:00.000,1900-01-01 10:06:23.077,RICHARDM,0001,*
X3700,O000000001,BN0100,A111,2,2003-09-09 00:00:00.000,1900-01-01 10:08:46.093,RICHARDM,0001,2003-09-09 00:00:00.000,1900-01-01 10:08:46.093,RICHARDM,0001,*
X4400,O000000001,BN0100,A111,1,2003-09-09 00:00:00.000,1900-01-01 10:08:03.533,RICHARDM,0001,2003-09-09 00:00:00.000,1900-01-01 10:08:03.533,RICHARDM,0001,*
X4500,O000000001,BN0100,A111,1,2003-09-09 00:00:00.000,1900-01-01 10:08:21.937,RICHARDM,0001,2003-09-09 00:00:00.000,1900-01-01 10:08:21.937,RICHARDM,0001,*
X4600,O000000001,BN0100,A111,1,2003-09-09 00:00:00.000,1900-01-01 10:06:59.890,RICHARDM,0001,2003-09-09 00:00:00.000,1900-01-01 10:06:59.890,RICHARDM,0001,*
X5000,O000000001,BN0100,A111,1,2003-09-09 00:00:00.000,1900-01-01 10:06:36.587,RICHARDM,0001,2003-09-09 00:00:00.000,1900-01-01 10:06:36.587,RICHARDM,0001,*
X5500,O000000001,BN0100,A111,1,2003-09-09 00:00:00.000,1900-01-01 10:07:19.247,RICHARDM,0001,2003-09-09 00:00:00.000,1900-01-01 10:07:19.247,RICHARDM,0001,*
X0400,O000000001,BN0300,101,1,2003-09-09 00:00:00.000,1900-01-01 10:11:47.553,RICHARDM,0001,2003-09-09 00:00:00.000,1900-01-01 10:11:47.553,RICHARDM,0001,*
X0500,O000000001,BN0300,101,32,2003-09-09 00:00:00.000,1900-01-01 10:11:38.330,RICHARDM,0001,2003-09-09 00:00:00.000,1900-01-01 10:11:38.330,RICHARDM,0001,*
X2200,O000000001,BN0300,101,1,2003-09-09 00:00:00.000,1900-01-01 10:12:23.787,RICHARDM,0001,2003-09-09 00:00:00.000,1900-01-01 10:12:23.787,RICHARDM,0001,*
X2300,O000000001,BN0300,101,10,2003-09-09 00:00:00.000,1900-01-01 10:12:08.033,RICHARDM,0001,2003-09-09 00:00:00.000,1900-01-01 10:12:08.033,RICHARDM,0001,*
X3200,O000000001,BN0300,101,1,2003-09-09 00:00:00.000,1900-01-01 10:24:02.460,RICHARDM,0001,2003-09-09 00:00:00.000,1900-01-01 10:24:02.460,RICHARDM,0001,*
X3600,O000000001,BN0300,101,6,2003-09-09 00:00:00.000,1900-01-01 10:12:55.763,RICHARDM,0001,2003-09-09 00:00:00.000,1900-01-01 10:13:59.133,RICHARDM,0001,*
X4600,O000000001,BN0300,101,1,2003-09-09 00:00:00.000,1900-01-01 10:15:49.853,RICHARDM,0001,2003-09-09 00:00:00.000,1900-01-01 10:15:49.853,RICHARDM,0001,*
X5000,O000000001,BN0300,101,1,2003-09-09 00:00:00.000,1900-01-01 10:24:29.950,RICHARDM,0001,2003-09-09 00:00:00.000,1900-01-01 10:24:29.950,RICHARDM,0001,*
X0500,O000000001,BN0300,103,38,2003-09-09 00:00:00.000,1900-01-01 10:17:49.083,RICHARDM,0001,2003-09-09 00:00:00.000,1900-01-01 10:17:49.083,RICHARDM,0001,*
X2200,O000000001,BN0300,103,3,2003-09-09 00:00:00.000,1900-01-01 10:18:35.450,RICHARDM,0001,2003-09-09 00:00:00.000,1900-01-01 10:26:19.897,RICHARDM,0001,*
X2300,O000000001,BN0300,103,7,2003-09-09 00:00:00.000,1900-01-01 10:18:17.143,RICHARDM,0001,2003-09-09 00:00:00.000,1900-01-01 10:18:17.143,RICHARDM,0001,*
X3200,O000000001,BN0300,103,1,2003-09-09 00:00:00.000,1900-01-01 10:19:26.823,RICHARDM,0001,2003-09-09 00:00:00.000,1900-01-01 10:19:26.823,RICHARDM,0001,*
X3600,O000000001,BN0300,103,6,2003-09-09 00:00:00.000,1900-01-01 10:19:59.630,RICHARDM,0001,2003-09-09 00:00:00.000,1900-01-01 10:19:59.630,RICHARDM,0001,*
X4100,O000000001,BN0300,103,1,2003-09-09 00:00:00.000,1900-01-01 10:21:10.173,RICHARDM,0001,2003-09-09 00:00:00.000,1900-01-01 10:21:10.173,RICHARDM,0001,*
X4500,O000000001,BN0300,103,1,2003-09-09 00:00:00.000,1900-01-01 10:21:45.053,RICHARDM,0001,2003-09-09 00:00:00.000,1900-01-01 10:21:45.053,RICHARDM,0001,*
X5000,O000000001,BN0300,103,1,2003-09-09 00:00:00.000,1900-01-01 10:20:13.593,RICHARDM,0001,2003-09-09 00:00:00.000,1900-01-01 10:20:13.593,RICHARDM,0001,*
X0900,O000000001,BN0300,205,39,2003-09-09 00:00:00.000,1900-01-01 10:30:22.657,RICHARDM,0001,2003-09-09 00:00:00.000,1900-01-01 10:30:22.657,RICHARDM,0001,*
X1300,O000000001,BN0300,205,3,2003-09-09 00:00:00.000,1900-01-01 10:30:45.090,RICHARDM,0001,2003-09-09 00:00:00.000,1900-01-01 10:30:56.577,RICHARDM,0001,*
X2200,O000000001,BN0300,205,1,2003-09-09 00:00:00.000,1900-01-01 10:31:19.940,RICHARDM,0001,2003-09-09 00:00:00.000,1900-01-01 10:31:19.940,RICHARDM,0001,*
X3600,O000000001,BN0300,205,6,2003-09-09 00:00:00.000,1900-01-01 10:39:05.960,RICHARDM,0001,2003-09-09 00:00:00.000,1900-01-01 10:39:05.960,RICHARDM,0001,*
X4100,O000000001,BN0300,205,1,2003-09-09 00:00:00.000,1900-01-01 10:40:13.327,RICHARDM,0001,2003-09-09 00:00:00.000,1900-01-01 10:40:13.327,RICHARDM,0001,*
X4600,O000000001,BN0300,205,2,2003-09-09 00:00:00.000,1900-01-01 10:31:42.123,RICHARDM,0001,2003-09-09 00:00:00.000,1900-01-01 10:39:05.960,RICHARDM,0001,*
X4900,O000000001,BN0300,205,1,2003-09-09 00:00:00.000,1900-01-01 10:32:14.760,RICHARDM,0001,2003-09-09 00:00:00.000,1900-01-01 10:32:14.760,RICHARDM,0001,*
X5000,O000000001,BN0300,205,1,2003-09-09 00:00:00.000,1900-01-01 10:42:32.297,RICHARDM,0001,2003-09-09 00:00:00.000,1900-01-01 10:42:32.297,RICHARDM,0001,*
X0100,O000000001,BN0300,207,2,2003-09-09 00:00:00.000,1900-01-01 10:44:31.217,RICHARDM,0001,2003-09-09 00:00:00.000,1900-01-01 10:44:31.217,RICHARDM,0001,*
X0900,O000000001,BN0300,207,32,2003-09-09 00:00:00.000,1900-01-01 10:44:15.103,RICHARDM,0001,2003-09-09 00:00:00.000,1900-01-01 10:44:15.103,RICHARDM,0001,*
X2300,O000000001,BN0300,207,1,2003-09-09 00:00:00.000,1900-01-01 10:44:58.537,RICHARDM,0001,2003-09-09 00:00:00.000,1900-01-01 10:44:58.537,RICHARDM,0001,*
X3600,O000000001,BN0300,207,4,2003-09-09 00:00:00.000,1900-01-01 10:47:28.433,RICHARDM,0001,2003-09-09 00:00:00.000,1900-01-01 10:47:28.433,RICHARDM,0001,*
X3700,O000000001,BN0300,207,1,2003-09-09 00:00:00.000,1900-01-01 10:47:48.803,RICHARDM,0001,2003-09-09 00:00:00.000,1900-01-01 10:47:48.803,RICHARDM,0001,*
X4100,O000000001,BN0300,207,1,2003-09-09 00:00:00.000,1900-01-01 10:48:04.013,RICHARDM,0001,2003-09-09 00:00:00.000,1900-01-01 10:48:04.013,RICHARDM,0001,*
X4500,O000000001,BN0300,207,1,2003-09-09 00:00:00.000,1900-01-01 10:49:11.890,RICHARDM,0001,2003-09-09 00:00:00.000,1900-01-01 10:49:11.890,RICHARDM,0001,*
X4600,O000000001,BN0300,207,2,2003-09-09 00:00:00.000,1900-01-01 10:46:03.680,RICHARDM,0001,2003-09-09 00:00:00.000,1900-01-01 10:46:03.680,RICHARDM,0001,*
X4900,O000000001,BN0300,207,1,2003-09-09 00:00:00.000,1900-01-01 10:46:24.720,RICHARDM,0001,2003-09-09 00:00:00.000,1900-01-01 10:46:24.720,RICHARDM,0001,*
X5000,O000000001,BN0300,207,1,2003-09-09 00:00:00.000,1900-01-01 10:46:46.293,RICHARDM,0001,2003-09-09 00:00:00.000,1900-01-01 10:46:46.293,RICHARDM,0001,*
X0300,O000000001,BN0400,102,15,2003-09-09 00:00:00.000,1900-01-01 10:51:33.183,RICHARDM,0001,2003-09-09 00:00:00.000,1900-01-01 10:51:33.183,RICHARDM,0001,*
X1200,O000000001,BN0400,102,2,2003-09-09 00:00:00.000,1900-01-01 10:51:51.350,RICHARDM,0001,2003-09-09 00:00:00.000,1900-01-01 10:51:51.350,RICHARDM,0001,*
X2300,O000000001,BN0400,102,10,2003-09-09 00:00:00.000,1900-01-01 10:52:15.023,RICHARDM,0001,2003-09-09 00:00:00.000,1900-01-01 10:52:15.023,RICHARDM,0001,*
X3600,O000000001,BN0400,102,1,2003-09-09 00:00:00.000,1900-01-01 10:52:59.780,RICHARDM,0001,2003-09-09 00:00:00.000,1900-01-01 10:52:59.780,RICHARDM,0001,*
X4100,O000000001,BN0400,102,1,2003-09-09 00:00:00.000,1900-01-01 10:53:29.773,RICHARDM,0001,2003-09-09 00:00:00.000,1900-01-01 10:53:29.773,RICHARDM,0001,*
X4600,O000000001,BN0400,102,1,2003-09-09 00:00:00.000,1900-01-01 10:52:37.007,RICHARDM,0001,2003-09-09 00:00:00.000,1900-01-01 10:52:37.007,RICHARDM,0001,*
X0300,O000000001,BN0400,103,18,2003-09-09 00:00:00.000,1900-01-01 10:55:23.097,RICHARDM,0001,2003-09-09 00:00:00.000,1900-01-01 10:55:23.097,RICHARDM,0001,*
X1200,O000000001,BN0400,103,1,2003-09-09 00:00:00.000,1900-01-01 10:55:34.560,RICHARDM,0001,2003-09-09 00:00:00.000,1900-01-01 10:55:34.560,RICHARDM,0001,*
X2300,O000000001,BN0400,103,13,2003-09-09 00:00:00.000,1900-01-01 10:56:52.753,RICHARDM,0001,2003-09-09 00:00:00.000,1900-01-01 10:56:52.753,RICHARDM,0001,*
X3600,O000000001,BN0400,103,1,2003-09-09 00:00:00.000,1900-01-01 10:58:32.427,RICHARDM,0001,2003-09-09 00:00:00.000,1900-01-01 10:58:32.427,RICHARDM,0001,*
X4100,O000000001,BN0400,103,1,2003-09-09 00:00:00.000,1900-01-01 10:58:52.077,RICHARDM,0001,2003-09-09 00:00:00.000,1900-01-01 10:58:52.077,RICHARDM,0001,*
X4600,O000000001,BN0400,103,1,2003-09-09 00:00:00.000,1900-01-01 10:57:18.640,RICHARDM,0001,2003-09-09 00:00:00.000,1900-01-01 10:57:18.640,RICHARDM,0001,*
X4800,O000000001,BN0400,103,1,2003-09-09 00:00:00.000,1900-01-01 10:57:38.770,RICHARDM,0001,2003-09-09 00:00:00.000,1900-01-01 10:57:38.770,RICHARDM,0001,*
X5000,O000000001,BN0400,103,1,2003-09-09 00:00:00.000,1900-01-01 10:57:56.637,RICHARDM,0001,2003-09-09 00:00:00.000,1900-01-01 10:57:56.637,RICHARDM,0001,*
X0300,O000000001,BN0400,104,28,2003-09-09 00:00:00.000,1900-01-01 11:00:21.483,RICHARDM,0001,2003-09-09 00:00:00.000,1900-01-01 11:00:21.483,RICHARDM,0001,*
X0500,O000000001,BN0400,104,1,2003-09-09 00:00:00.000,1900-01-01 11:00:35.353,RICHARDM,0001,2003-09-09 00:00:00.000,1900-01-01 11:00:35.353,RICHARDM,0001,*
X2300,O000000001,BN0400,104,11,2003-09-09 00:00:00.000,1900-01-01 11:00:59.397,RICHARDM,0001,2003-09-09 00:00:00.000,1900-01-01 11:00:59.397,RICHARDM,0001,*
X3600,O000000001,BN0400,104,1,2003-09-09 00:00:00.000,1900-01-01 11:03:06.620,RICHARDM,0001,2003-09-09 00:00:00.000,1900-01-01 11:03:06.620,RICHARDM,0001,*
X4100,O000000001,BN0400,104,1,2003-09-09 00:00:00.000,1900-01-01 11:03:06.620,RICHARDM,0001,2003-09-09 00:00:00.000,1900-01-01 11:03:06.620,RICHARDM,0001,*
X4600,O000000001,BN0400,104,1,2003-09-09 00:00:00.000,1900-01-01 11:04:08.510,RICHARDM,0001,2003-09-09 00:00:00.000,1900-01-01 11:04:08.510,RICHARDM,0001,*
X4800,O000000001,BN0400,104,1,2003-09-09 00:00:00.000,1900-01-01 11:02:13.507,RICHARDM,0001,2003-09-09 00:00:00.000,1900-01-01 11:02:13.507,RICHARDM,0001,*
X0200,O000000001,BN0700,D101,12,2003-09-12 00:00:00.000,1900-01-01 10:11:10.513,RICHARDM,0001,2003-09-12 00:00:00.000,1900-01-01 10:11:10.513,RICHARDM,0001,*
X2000,O000000001,BN0700,D101,1,2003-09-12 00:00:00.000,1900-01-01 10:10:54.690,RICHARDM,0001,2003-09-12 00:00:00.000,1900-01-01 10:13:52.947,RICHARDM,0001,*
X2700,O000000001,BN0700,D101,1,2003-09-12 00:00:00.000,1900-01-01 10:16:18.797,RICHARDM,0001,2003-09-12 00:00:00.000,1900-01-01 10:16:18.797,RICHARDM,0001,*
X3600,O000000001,BN0700,D101,1,2003-09-12 00:00:00.000,1900-01-01 10:18:16.443,RICHARDM,0001,2003-09-12 00:00:00.000,1900-01-01 10:18:16.443,RICHARDM,0001,*
X3800,O000000001,BN0700,D101,12,2003-09-12 00:00:00.000,1900-01-01 10:15:25.460,RICHARDM,0001,2003-09-12 00:00:00.000,1900-01-01 10:15:25.460,RICHARDM,0001,*
X0200,O000000001,BN0700,D102,2,2003-09-12 00:00:00.000,1900-01-01 10:28:54.943,RICHARDM,0001,2003-09-12 00:00:00.000,1900-01-01 10:28:54.943,RICHARDM,0001,*
X1800,O000000001,BN0700,D102,19,2003-09-12 00:00:00.000,1900-01-01 10:28:41.253,RICHARDM,0001,2003-09-12 00:00:00.000,1900-01-01 10:28:41.253,RICHARDM,0001,*
X2700,O000000001,BN0700,D102,4,2003-09-12 00:00:00.000,1900-01-01 10:30:14.817,RICHARDM,0001,2003-09-12 00:00:00.000,1900-01-01 10:30:14.817,RICHARDM,0001,*
X3000,O000000001,BN0700,D102,6,2003-09-12 00:00:00.000,1900-01-01 10:29:36.083,RICHARDM,0001,2003-09-12 00:00:00.000,1900-01-01 10:29:36.083,RICHARDM,0001,*
X3600,O000000001,BN0700,D102,1,2003-09-12 00:00:00.000,1900-01-01 10:31:08.023,RICHARDM,0001,2003-09-12 00:00:00.000,1900-01-01 10:31:08.023,RICHARDM,0001,*
X5300,O000000001,BN0700,D102,1,2003-09-12 00:00:00.000,1900-01-01 10:31:49.413,RICHARDM,0001,2003-09-12 00:00:00.000,1900-01-01 10:31:49.413,RICHARDM,0001,*
X1800,O000000001,BN0700,D104,20,2003-09-12 00:00:00.000,1900-01-01 10:36:45.680,RICHARDM,0001,2003-09-12 00:00:00.000,1900-01-01 10:36:45.680,RICHARDM,0001,*
X2700,O000000001,BN0700,D104,3,2003-09-12 00:00:00.000,1900-01-01 10:37:53.997,RICHARDM,0001,2003-09-12 00:00:00.000,1900-01-01 10:37:53.997,RICHARDM,0001,*
X3000,O000000001,BN0700,D104,6,2003-09-12 00:00:00.000,1900-01-01 10:37:27.120,RICHARDM,0001,2003-09-12 00:00:00.000,1900-01-01 10:37:27.120,RICHARDM,0001,*
X3600,O000000001,BN0700,D104,1,2003-09-12 00:00:00.000,1900-01-01 10:38:14.937,RICHARDM,0001,2003-09-12 00:00:00.000,1900-01-01 10:38:14.937,RICHARDM,0001,*
X4500,O000000001,BN0700,D104,1,2003-09-12 00:00:00.000,1900-01-01 10:44:59.910,RICHARDM,0001,2003-09-12 00:00:00.000,1900-01-01 10:44:59.910,RICHARDM,0001,*
X1800,O000000001,BN0700,D105,9,2003-09-12 00:00:00.000,1900-01-01 10:49:58.420,RICHARDM,0001,2003-09-12 00:00:00.000,1900-01-01 10:49:58.420,RICHARDM,0001,*
X2300,O000000001,BN0700,D105,2,2003-09-12 00:00:00.000,1900-01-01 10:51:15.430,RICHARDM,0001,2003-09-12 00:00:00.000,1900-01-01 10:51:15.430,RICHARDM,0001,*
X2600,O000000001,BN0700,D105,8,2003-09-12 00:00:00.000,1900-01-01 10:50:40.480,RICHARDM,0001,2003-09-12 00:00:00.000,1900-01-01 10:50:40.480,RICHARDM,0001,*
X3600,O000000001,BN0700,D105,1,2003-09-12 00:00:00.000,1900-01-01 10:54:00.407,RICHARDM,0001,2003-09-12 00:00:00.000,1900-01-01 10:54:39.963,RICHARDM,0001,*
X4600,O000000001,BN0700,D105,1,2003-09-12 00:00:00.000,1900-01-01 10:54:39.973,RICHARDM,0001,2003-09-12 00:00:00.000,1900-01-01 10:54:39.973,RICHARDM,0001,*
X1200,O000000001,BN0700,D203,17,2003-09-12 00:00:00.000,1900-01-01 11:03:58.557,RICHARDM,0001,2003-09-12 00:00:00.000,1900-01-01 11:03:58.557,RICHARDM,0001,*
X1800,O000000001,BN0700,D203,3,2003-09-12 00:00:00.000,1900-01-01 11:04:19.207,RICHARDM,0001,2003-09-12 00:00:00.000,1900-01-01 11:04:19.207,RICHARDM,0001,*
X2400,O000000001,BN0700,D203,4,2003-09-12 00:00:00.000,1900-01-01 11:05:32.223,RICHARDM,0001,2003-09-12 00:00:00.000,1900-01-01 11:05:32.223,RICHARDM,0001,*
X2700,O000000001,BN0700,D203,1,2003-09-12 00:00:00.000,1900-01-01 11:06:04.540,RICHARDM,0001,2003-09-12 00:00:00.000,1900-01-01 11:06:04.540,RICHARDM,0001,*
X4100,O000000001,BN0700,D203,1,2003-09-12 00:00:00.000,1900-01-01 11:06:25.307,RICHARDM,0001,2003-09-12 00:00:00.000,1900-01-01 11:06:25.307,RICHARDM,0001,*
X4500,O000000001,BN0700,D203,1,2003-09-12 00:00:00.000,1900-01-01 11:07:49.220,RICHARDM,0001,2003-09-12 00:00:00.000,1900-01-01 11:07:49.220,RICHARDM,0001,*
X6100,O000000001,BN0700,D203,1,2003-09-12 00:00:00.000,1900-01-01 11:07:22.840,RICHARDM,0001,2003-09-12 00:00:00.000,1900-01-01 11:07:22.840,RICHARDM,0001,*
X6800,O000000001,BN0700,D203,9,2003-09-12 00:00:00.000,1900-01-01 11:05:03.610,RICHARDM,0001,2003-09-12 00:00:00.000,1900-01-01 11:05:03.610,RICHARDM,0001,*
X0300,O000000001,BN0700,D205,1,2003-09-12 00:00:00.000,1900-01-01 11:18:09.740,RICHARDM,0001,2003-09-12 00:00:00.000,1900-01-01 11:18:09.740,RICHARDM,0001,*
X1200,O000000001,BN0700,D205,7,2003-09-12 00:00:00.000,1900-01-01 11:18:02.100,RICHARDM,0001,2003-09-12 00:00:00.000,1900-01-01 11:18:02.100,RICHARDM,0001,*
X1800,O000000001,BN0700,D205,4,2003-09-12 00:00:00.000,1900-01-01 11:17:24.427,RICHARDM,0001,2003-09-12 00:00:00.000,1900-01-01 11:17:38.957,RICHARDM,0001,*
X2500,O000000001,BN0700,D205,10,2003-09-12 00:00:00.000,1900-01-01 11:18:53.353,RICHARDM,0001,2003-09-12 00:00:00.000,1900-01-01 11:18:53.353,RICHARDM,0001,*
X2700,O000000001,BN0700,D205,1,2003-09-12 00:00:00.000,1900-01-01 11:19:19.913,RICHARDM,0001,2003-09-12 00:00:00.000,1900-01-01 11:19:19.913,RICHARDM,0001,*
X5500,O000000001,BN0700,D205,2,2003-09-12 00:00:00.000,1900-01-01 11:19:42.223,RICHARDM,0001,2003-09-12 00:00:00.000,1900-01-01 11:19:42.223,RICHARDM,0001,*
X1200,O000000001,BN0700,D206,2,2003-09-12 00:00:00.000,1900-01-01 11:25:43.753,RICHARDM,0001,2003-09-12 00:00:00.000,1900-01-01 11:25:43.753,RICHARDM,0001,*
X1800,O000000001,BN0700,D206,15,2003-09-12 00:00:00.000,1900-01-01 11:25:24.277,RICHARDM,0001,2003-09-12 00:00:00.000,1900-01-01 11:25:24.277,RICHARDM,0001,*
X2700,O000000001,BN0700,D206,2,2003-09-12 00:00:00.000,1900-01-01 11:32:30.950,RICHARDM,0001,2003-09-12 00:00:00.000,1900-01-01 11:32:30.950,RICHARDM,0001,*
X3000,O000000001,BN0700,D206,14,2003-09-12 00:00:00.000,1900-01-01 11:26:14.830,RICHARDM,0001,2003-09-12 00:00:00.000,1900-01-01 11:26:14.830,RICHARDM,0001,*
X3200,O000000001,BN0700,D206,7,2003-09-12 00:00:00.000,1900-01-01 11:33:35.293,RICHARDM,0001,2003-09-12 00:00:00.000,1900-01-01 11:33:35.293,RICHARDM,0001,*
X0300,O000000001,DESIGN,D202,1,2003-10-30 00:00:00.000,1900-01-01 14:26:28.167,RICHARDM,0001,2003-10-30 00:00:00.000,1900-01-01 14:26:28.167,RICHARDM,0001,*
X1200,O000000001,DESIGN,D202,16,2003-10-30 00:00:00.000,1900-01-01 14:24:59.840,RICHARDM,0001,2003-10-30 00:00:00.000,1900-01-01 14:24:59.840,RICHARDM,0001,*
X2000,O000000001,DESIGN,D202,3,2003-10-30 00:00:00.000,1900-01-01 14:26:13.947,RICHARDM,0001,2003-10-30 00:00:00.000,1900-01-01 14:26:13.947,RICHARDM,0001,*
X4100,O000000001,DESIGN,D202,1,2003-10-30 00:00:00.000,1900-01-01 14:25:38.547,RICHARDM,0001,2003-10-30 00:00:00.000,1900-01-01 14:25:38.547,RICHARDM,0001,*
X6100,O000000001,DESIGN,D202,11,2003-10-30 00:00:00.000,1900-01-01 14:23:46.177,RICHARDM,0001,2003-10-30 00:00:00.000,1900-01-01 14:24:59.840,RICHARDM,0001,*
D180,O000000001,LIBRAR,Court,100,2008-03-12 00:00:00.000,1900-01-01 15:54:28.693,ARTENIAA,0001,2008-03-12 00:00:00.000,1900-01-01 15:54:28.693,ARTENIAA,0001,*
X2000,O000000001,MILLER,111,1,2015-08-03 00:00:00.000,1900-01-01 11:04:17.150,JACKSONV,0001,2015-08-03 00:00:00.000,1900-01-01 11:04:17.150,JACKSONV,0001,*
